PHerc1667/segments/20260612121456-w011_20260108140509268_merged_v4_flatboi_straightened_v4/mesh/20260612121456-on-20251217075048-2.399um.tifxyz	out of memory again when retried alone (exit 137)
PHercParis4/segments/20231007101619/mesh/20231007101619-on-20260608103018-1.129um.tifxyz	single-job retry stopped before it finished
PHercParis4/segments/20260623141135-w046-052_jordi/mesh/20260623141135-on-20260411134726-2.4um.tifxyz	out of memory in parallel pass (exit 137); single-job retry not run
PHercParis4/segments/20260623141135-w046-052_jordi/mesh/20260623141135-on-20260608103018-1.129um.tifxyz	out of memory in parallel pass (exit 137); single-job retry not run
PHercParis4/segments/20260623141649-w053-058_jordi/mesh/20260623141649-on-20260411134726-2.4um.tifxyz	out of memory in parallel pass (exit 137); single-job retry not run
PHercParis4/segments/20260623141924-w010-027/mesh/20260623141924-on-20260411134726-2.4um.tifxyz	out of memory in parallel pass (exit 137); single-job retry not run
PHercParis4/segments/20260623141649-w053-058_jordi/mesh/20260623141649-on-20260608103018-1.129um.tifxyz	out of memory in parallel pass (exit 137); single-job retry not run
PHercParis4/segments/20260623141924-w010-027/mesh/20260623141924-on-20260608103018-1.129um.tifxyz	out of memory in parallel pass (exit 137); single-job retry not run
PHercParis4/segments/20260623142658-w028-037/mesh/20260623142658-on-20260411134726-2.4um.tifxyz	out of memory in parallel pass (exit 137); single-job retry not run
PHercParis4/segments/20260623142658-w028-037/mesh/20260623142658-on-20260608103018-1.129um.tifxyz	out of memory in parallel pass (exit 137); single-job retry not run
PHercParis4/segments/20260623143441-w038-045/mesh/20260623143441-on-20260608103018-1.129um.tifxyz	out of memory in parallel pass (exit 137); single-job retry not run
PHercParis4/segments/20260623144224-w046-052/mesh/20260623144224-on-20260411134726-2.4um.tifxyz	out of memory in parallel pass (exit 137); single-job retry not run
PHercParis4/segments/20260623144224-w046-052/mesh/20260623144224-on-20260608103018-1.129um.tifxyz	out of memory in parallel pass (exit 137); single-job retry not run
PHercParis4/segments/20260623144957-w053-058/mesh/20260623144957-on-20260411134726-2.4um.tifxyz	out of memory in parallel pass (exit 137); single-job retry not run
PHercParis4/segments/20260623144957-w053-058/mesh/20260623144957-on-20260608103018-1.129um.tifxyz	out of memory in parallel pass (exit 137); single-job retry not run
PHercParis4/segments/20260623145652-w059-063/mesh/20260623145652-on-20260608103018-1.129um.tifxyz	out of memory in parallel pass (exit 137); single-job retry not run
PHercParis4/segments/20260623150417-w064-068/mesh/20260623150417-on-20260608103018-1.129um.tifxyz	out of memory in parallel pass (exit 137); single-job retry not run
PHercParis4/segments/20260623151041-w069-072/mesh/20260623151041-on-20260608103018-1.129um.tifxyz	out of memory in parallel pass (exit 137); single-job retry not run
PHercParis4/segments/20260623151729-w073-076/mesh/20260623151729-on-20260608103018-1.129um.tifxyz	out of memory in parallel pass (exit 137); single-job retry not run
PHercParis4/segments/20260623152443-w077-080/mesh/20260623152443-on-20260608103018-1.129um.tifxyz	out of memory in parallel pass (exit 137); single-job retry not run
PHercParis4/segments/20260623153216-w081-084/mesh/20260623153216-on-20260608103018-1.129um.tifxyz	out of memory in parallel pass (exit 137); single-job retry not run
PHercParis4/segments/20260623154006-w085-088/mesh/20260623154006-on-20260608103018-1.129um.tifxyz	out of memory in parallel pass (exit 137); single-job retry not run
PHercParis4/segments/20260623154617-w089-091/mesh/20260623154617-on-20260608103018-1.129um.tifxyz	out of memory in parallel pass (exit 137); single-job retry not run
PHercParis4/segments/20260623155240-w092-094/mesh/20260623155240-on-20260608103018-1.129um.tifxyz	out of memory in parallel pass (exit 137); single-job retry not run
PHercParis4/segments/20260623160554-w098-100/mesh/20260623160554-on-20260411134726-2.4um.tifxyz	out of memory in parallel pass (exit 137); single-job retry not run
PHercParis4/segments/20260623161233-w101-103/mesh/20260623161233-on-20260411134726-2.4um.tifxyz	out of memory in parallel pass (exit 137); single-job retry not run
PHercParis4/segments/20260623162614-w107-109/mesh/20260623162614-on-20260411134726-2.4um.tifxyz	out of memory in parallel pass (exit 137); single-job retry not run
PHercParis4/segments/20260623164141-w113-115/mesh/20260623164141-on-20260608103018-1.129um.tifxyz	out of memory in parallel pass (exit 137); single-job retry not run
PHercParis4/segments/20260623164704-w116-117/mesh/20260623164704-on-20260608103018-1.129um.tifxyz	out of memory in parallel pass (exit 137); single-job retry not run
PHercParis4/segments/20260623165230-w118-119/mesh/20260623165230-on-20260608103018-1.129um.tifxyz	out of memory in parallel pass (exit 137); single-job retry not run
PHercParis4/segments/20260623165742-w120-121/mesh/20260623165742-on-20260608103018-1.129um.tifxyz	out of memory in parallel pass (exit 137); single-job retry not run
PHercParis4/segments/20260623170305-w122-123/mesh/20260623170305-on-20260608103018-1.129um.tifxyz	out of memory in parallel pass (exit 137); single-job retry not run
PHercParis4/segments/20260623171929-w128-129/mesh/20260623171929-on-20260411134726-2.4um.tifxyz	out of memory in parallel pass (exit 137); single-job retry not run
PHercParis4/segments/20260701183124-w010-027/mesh/20260701183124-on-20260411134726-2.4um.tifxyz	out of memory in parallel pass (exit 137); single-job retry not run
PHercParis4/segments/20260701183125-w028-037/mesh/20260701183125-on-20260411134726-2.4um.tifxyz	out of memory in parallel pass (exit 137); single-job retry not run
PHercParis4/segments/20260701183126-w038-045/mesh/20260701183126-on-20260411134726-2.4um.tifxyz	out of memory in parallel pass (exit 137); single-job retry not run
PHercParis4/segments/20260701183127-w046-052/mesh/20260701183127-on-20260411134726-2.4um.tifxyz	out of memory in parallel pass (exit 137); single-job retry not run
PHercParis4/segments/20260701183128-w053-058/mesh/20260701183128-on-20260411134726-2.4um.tifxyz	out of memory in parallel pass (exit 137); single-job retry not run
PHercParis4/segments/20260701183129-w059-063/mesh/20260701183129-on-20260411134726-2.4um.tifxyz	out of memory in parallel pass (exit 137); single-job retry not run
PHercParis4/segments/20260701183130-w064-068/mesh/20260701183130-on-20260411134726-2.4um.tifxyz	out of memory in parallel pass (exit 137); single-job retry not run
PHercParis4/segments/20260701183131-w069-072/mesh/20260701183131-on-20260411134726-2.4um.tifxyz	out of memory in parallel pass (exit 137); single-job retry not run
PHercParis4/segments/20260701183132-w073-076/mesh/20260701183132-on-20260411134726-2.4um.tifxyz	out of memory in parallel pass (exit 137); single-job retry not run
PHercParis4/segments/20260701183133-w077-080/mesh/20260701183133-on-20260411134726-2.4um.tifxyz	out of memory in parallel pass (exit 137); single-job retry not run
PHercParis4/segments/20260701183134-w081-084/mesh/20260701183134-on-20260411134726-2.4um.tifxyz	out of memory in parallel pass (exit 137); single-job retry not run
PHercParis4/segments/20260701183135-w085-088/mesh/20260701183135-on-20260411134726-2.4um.tifxyz	out of memory in parallel pass (exit 137); single-job retry not run
PHercParis4/segments/20260701183136-w089-091/mesh/20260701183136-on-20260411134726-2.4um.tifxyz	out of memory in parallel pass (exit 137); single-job retry not run
PHercParis4/segments/20260701183137-w092-094/mesh/20260701183137-on-20260411134726-2.4um.tifxyz	out of memory in parallel pass (exit 137); single-job retry not run
PHercParis4/segments/20260701183138-w095-097/mesh/20260701183138-on-20260411134726-2.4um.tifxyz	out of memory in parallel pass (exit 137); single-job retry not run
PHercParis4/segments/20260701183139-w098-100/mesh/20260701183139-on-20260411134726-2.4um.tifxyz	out of memory in parallel pass (exit 137); single-job retry not run
PHercParis4/segments/20260701183140-w101-103/mesh/20260701183140-on-20260411134726-2.4um.tifxyz	out of memory in parallel pass (exit 137); single-job retry not run
PHercParis4/segments/20260701183141-w104-106/mesh/20260701183141-on-20260411134726-2.4um.tifxyz	out of memory in parallel pass (exit 137); single-job retry not run
PHercParis4/segments/20260701183142-w107-109/mesh/20260701183142-on-20260411134726-2.4um.tifxyz	out of memory in parallel pass (exit 137); single-job retry not run
PHercParis4/segments/20260701183143-w110-112/mesh/20260701183143-on-20260411134726-2.4um.tifxyz	out of memory in parallel pass (exit 137); single-job retry not run
PHercParis4/segments/20260701183144-w113-115/mesh/20260701183144-on-20260411134726-2.4um.tifxyz	out of memory in parallel pass (exit 137); single-job retry not run
PHercParis4/segments/20260701183145-w116-117/mesh/20260701183145-on-20260411134726-2.4um.tifxyz	out of memory in parallel pass (exit 137); single-job retry not run
PHercParis4/segments/20260701183146-w118-119/mesh/20260701183146-on-20260411134726-2.4um.tifxyz	out of memory in parallel pass (exit 137); single-job retry not run
PHercParis4/segments/20260701183147-w120-121/mesh/20260701183147-on-20260411134726-2.4um.tifxyz	out of memory in parallel pass (exit 137); single-job retry not run
PHercParis4/segments/20260701183148-w122-123/mesh/20260701183148-on-20260411134726-2.4um.tifxyz	out of memory in parallel pass (exit 137); single-job retry not run
PHercParis4/segments/20260701183149-w124-125/mesh/20260701183149-on-20260411134726-2.4um.tifxyz	out of memory in parallel pass (exit 137); single-job retry not run
PHercParis4/segments/20260701183150-w126-127/mesh/20260701183150-on-20260411134726-2.4um.tifxyz	out of memory in parallel pass (exit 137); single-job retry not run
