scroll	segment	volume_id	voxel	components	holes	jump_edges	normal_reversals	isometry_p95	findings
PHerc0009B	20250919132115-auto_grown_20250919062115592_inp_hr	20250521125136	8.64um	1	1	430	44	1.053	edge-jump,hole,normal-reversal
PHerc0139	20250108000000-w025_2025010863	20250820105138	2.403um	1	2	27	53	1.05	edge-jump,hole,normal-reversal
PHerc0139	20250108000000-w025_2025010863	20260102150214	2.399um	1	2	27	49	1.047	edge-jump,hole,normal-reversal
PHerc0139	20250108000000-w025_2025010863	20260319133554	2.403um	1	2	27	53	1.05	edge-jump,hole,normal-reversal
PHerc0139	20250108000000-w025_2025010863	20260413113053	1.129um	1	2	152	106	1.051	edge-jump,hole,normal-reversal
PHerc0139	20250831000000-w040_2025083102	20260102150214	2.399um	1	1	12	79	1.051	edge-jump,hole,normal-reversal
PHerc0139	20251226000000-w055_2025122611	20250728140407	9.362um	1	1	11	255	1.168	edge-jump,hole,normal-reversal
PHerc0139	20251226000000-w055_2025122611	20260102150214	2.399um	1	1	198	587	1.171	edge-jump,hole,normal-reversal
PHerc0139	20260127000000-w057_2026012713	20250728140407	9.362um	1	1	63	89	1.097	edge-jump,hole,normal-reversal
PHerc0139	20260127000000-w057_2026012713	20260102150214	2.399um	1	1	729	293	1.098	edge-jump,hole,normal-reversal
PHerc0139	20260206000002-w054_2026020617	20250728140407	9.362um	1	1	26	272	1.135	edge-jump,hole,normal-reversal
PHerc0139	20260206000002-w054_2026020617	20260102150214	2.399um	1	1	457	809	1.136	edge-jump,hole,normal-reversal
PHerc0139	20260220000000-w053_2026022021	20250728140407	9.362um	1	1	16	127	1.071	edge-jump,hole,normal-reversal
PHerc0139	20260220000000-w053_2026022021	20260102150214	2.399um	1	1	303	305	1.07	edge-jump,hole,normal-reversal
PHerc0172	20250926153406-w088_20250926153406704_flatboi	20241024131838	7.91um	369	10	400	1020	1.11	connectivity,edge-jump,hole,normal-reversal
PHerc0172	20250926153406-w088_20250926153406704_flatboi	20241024131839	7.91um	369	10	400	1020	1.11	connectivity,edge-jump,hole,normal-reversal
PHerc0172	20251106170358-w076_20251106170358232_flatboi	20241024131838	7.91um	1	1	15	4989	1.235	edge-jump,hole,normal-reversal
PHerc0172	20251106170358-w076_20251106170358232_flatboi	20241024131839	7.91um	1	1	15	4989	1.235	edge-jump,hole,normal-reversal
PHerc0172	20251110110112-w066_20251110110112608_flatboi	20241024131838	7.91um	18	0	201	554	1.055	connectivity,edge-jump,normal-reversal
PHerc0172	20251110110112-w066_20251110110112608_flatboi	20241024131839	7.91um	18	0	201	554	1.055	connectivity,edge-jump,normal-reversal
PHerc0172	20251115002740-auto_grown_20251115002740308_0_flatboi	20241024131838	7.91um	1	51	30	1336	1.078	edge-jump,hole,normal-reversal
PHerc0172	20251115002740-auto_grown_20251115002740308_0_flatboi	20241024131839	7.91um	1	51	30	1336	1.078	edge-jump,hole,normal-reversal
PHerc0172	20251115002741-auto_grown_20251115002740308_1_flatboi	20241024131838	7.91um	19	227	206	2361	1.081	connectivity,edge-jump,hole,normal-reversal
PHerc0172	20251115002741-auto_grown_20251115002740308_1_flatboi	20241024131839	7.91um	19	227	206	2361	1.081	connectivity,edge-jump,hole,normal-reversal
PHerc0172	20251115002742-auto_grown_20251115002740308_2_flatboi	20241024131838	7.91um	7	98	305	1241	1.051	connectivity,edge-jump,hole,normal-reversal
PHerc0172	20251115002742-auto_grown_20251115002740308_2_flatboi	20241024131839	7.91um	7	98	305	1241	1.051	connectivity,edge-jump,hole,normal-reversal
PHerc0172	20251115002743-auto_grown_20251115002740308_3_flatboi	20241024131838	7.91um	2	4	2	853	1.054	connectivity,edge-jump,hole,normal-reversal
PHerc0172	20251115002743-auto_grown_20251115002740308_3_flatboi	20241024131839	7.91um	2	4	2	853	1.054	connectivity,edge-jump,hole,normal-reversal
PHerc0172	20251115002744-auto_grown_20251115002740308_4_flatboi	20241024131838	7.91um	1	3	123	7802	1.152	edge-jump,hole,normal-reversal
PHerc0172	20251115002744-auto_grown_20251115002740308_4_flatboi	20241024131839	7.91um	1	3	123	7802	1.152	edge-jump,hole,normal-reversal
PHerc0172	20251115002745-auto_grown_20251115002740308_5_flatboi	20241024131838	7.91um	1	2	7	5337	1.091	edge-jump,hole,normal-reversal
PHerc0172	20251115002745-auto_grown_20251115002740308_5_flatboi	20241024131839	7.91um	1	2	7	5337	1.091	edge-jump,hole,normal-reversal
PHerc0172	20251115002748-auto_grown_20251115002740308_8_flatboi	20241024131838	7.91um	1	1	1	2089	1.07	edge-jump,hole,normal-reversal
PHerc0172	20251115002748-auto_grown_20251115002740308_8_flatboi	20241024131839	7.91um	1	1	1	2089	1.07	edge-jump,hole,normal-reversal
PHerc0172	20251206184729-w095_20251206184729906_flatboi	20241024131838	7.91um	8	3	14	1792	1.322	connectivity,edge-jump,hole,normal-reversal
PHerc0172	20251206184729-w095_20251206184729906_flatboi	20241024131839	7.91um	8	3	14	1792	1.322	connectivity,edge-jump,hole,normal-reversal
PHerc0500P2	20250609204953-z_dbg_gen_00612	20250526151718	2.215um	8	69	3063	590	1.363	connectivity,edge-jump,hole,normal-reversal
PHerc0500P2	20250609204953-z_dbg_gen_00612	20250528085330	4.317um	26	87	795	380	1.339	connectivity,edge-jump,hole,normal-reversal
PHerc0500P2	20250609204953-z_dbg_gen_00612	20250820143440	9.362um	5	65	159	144	1.436	connectivity,edge-jump,hole,normal-reversal
PHerc0500P2	20250611132918-z_dbg_gen_00302_inp_hr	20250526151718	2.215um	1	57	5037	683	1.244	edge-jump,hole,normal-reversal
PHerc0500P2	20250611132918-z_dbg_gen_00302_inp_hr	20250528085330	4.317um	1	60	1377	356	1.243	edge-jump,hole,normal-reversal
PHerc0500P2	20250611132918-z_dbg_gen_00302_inp_hr	20250820143440	9.362um	1	59	265	161	1.253	edge-jump,hole,normal-reversal
PHerc0500P2	20250611133823-z_dbg_gen_00130_inp_hr	20250526151718	2.215um	1	23	4708	492	1.711	edge-jump,hole,normal-reversal
PHerc0500P2	20250611133823-z_dbg_gen_00130_inp_hr	20250528085330	4.317um	1	24	1286	349	1.715	edge-jump,hole,normal-reversal
PHerc0500P2	20250611133823-z_dbg_gen_00130_inp_hr	20250820143440	9.362um	1	22	233	128	1.727	edge-jump,hole,normal-reversal
PHerc0500P2	20250611134135-z_dbg_gen_00331_inp_hr	20250526151718	2.215um	1	52	6680	740	1.344	edge-jump,hole,normal-reversal
PHerc0500P2	20250611134135-z_dbg_gen_00331_inp_hr	20250528085330	4.317um	1	56	1812	387	1.346	edge-jump,hole,normal-reversal
PHerc0500P2	20250611134135-z_dbg_gen_00331_inp_hr	20250820143440	9.362um	1	54	353	175	1.353	edge-jump,hole,normal-reversal
PHerc0500P2	20250611153340-z_dbg_gen_00275	20250526151718	2.215um	4	33	370	462	1.312	connectivity,edge-jump,hole,normal-reversal
PHerc0500P2	20250611153340-z_dbg_gen_00275	20250528085330	4.317um	48	44	111	323	1.308	connectivity,edge-jump,hole,normal-reversal
PHerc0500P2	20250611153340-z_dbg_gen_00275	20250820143440	9.362um	1	33	5	97	1.37	edge-jump,hole,normal-reversal
PHerc0500P2	20250611153346-z_dbg_gen_00286_inp_hr	20250526151718	2.215um	1	42	3992	427	1.194	edge-jump,hole,normal-reversal
PHerc0500P2	20250611153346-z_dbg_gen_00286_inp_hr	20250528085330	4.317um	1	45	1077	216	1.195	edge-jump,hole,normal-reversal
PHerc0500P2	20250611153346-z_dbg_gen_00286_inp_hr	20250820143440	9.362um	1	41	216	103	1.195	edge-jump,hole,normal-reversal
PHerc0500P2	20250611153347-z_dbg_gen_00105_inp_hr	20250526151718	2.215um	1	33	10348	550	3.469	edge-jump,hole,isometry-distortion,normal-reversal
PHerc0500P2	20250611153347-z_dbg_gen_00105_inp_hr	20250528085330	4.317um	1	35	2738	286	3.511	edge-jump,hole,isometry-distortion,normal-reversal
PHerc0500P2	20250611153347-z_dbg_gen_00105_inp_hr	20250820143440	9.362um	1	33	578	127	3.515	edge-jump,hole,isometry-distortion,normal-reversal
PHerc0500P2	20250611154256-z_dbg_gen_00354_inp_hr	20250526151718	2.215um	1	55	8547	634	1.463	edge-jump,hole,normal-reversal
PHerc0500P2	20250611154256-z_dbg_gen_00354_inp_hr	20250528085330	4.317um	1	58	2324	399	1.462	edge-jump,hole,normal-reversal
PHerc0500P2	20250611154256-z_dbg_gen_00354_inp_hr	20250820143440	9.362um	1	56	443	177	1.474	edge-jump,hole,normal-reversal
PHerc0500P2	20250611161023-z_dbg_gen_00205_inp_hr	20250526151718	2.215um	1	23	3146	272	1.494	edge-jump,hole,normal-reversal
PHerc0500P2	20250611161023-z_dbg_gen_00205_inp_hr	20250528085330	4.317um	1	25	852	216	1.489	edge-jump,hole,normal-reversal
PHerc0500P2	20250611161023-z_dbg_gen_00205_inp_hr	20250820143440	9.362um	2	21	166	85	1.534	connectivity,edge-jump,hole,normal-reversal
PHerc0500P2	20250611161415-z_dbg_gen_00411_inp_hr	20250526151718	2.215um	1	47	5595	517	1.297	edge-jump,hole,normal-reversal
PHerc0500P2	20250611161415-z_dbg_gen_00411_inp_hr	20250528085330	4.317um	1	48	1563	287	1.296	edge-jump,hole,normal-reversal
PHerc0500P2	20250611161415-z_dbg_gen_00411_inp_hr	20250820143440	9.362um	1	47	285	147	1.314	edge-jump,hole,normal-reversal
PHerc0500P2	20250611170257-z_dbg_gen_00308_inp_hr	20250526151718	2.215um	23	85	20578	1579	2.601	connectivity,edge-jump,hole,isometry-distortion,normal-reversal
PHerc0500P2	20250611170257-z_dbg_gen_00308_inp_hr	20250528085330	4.317um	12	92	5507	1079	2.609	connectivity,edge-jump,hole,isometry-distortion,normal-reversal
PHerc0500P2	20250611170257-z_dbg_gen_00308_inp_hr	20250820143440	9.362um	15	84	1125	456	2.656	connectivity,edge-jump,hole,isometry-distortion,normal-reversal
PHerc0500P2	20250611171318-z_dbg_gen_00440_inp_hr	20250526151718	2.215um	1	55	12068	976	7.775	edge-jump,hole,isometry-distortion,normal-reversal
PHerc0500P2	20250611171318-z_dbg_gen_00440_inp_hr	20250528085330	4.317um	1	66	3272	559	8.105	edge-jump,hole,isometry-distortion,normal-reversal
PHerc0500P2	20250611171318-z_dbg_gen_00440_inp_hr	20250820143440	9.362um	1	58	633	230	7.461	edge-jump,hole,isometry-distortion,normal-reversal
PHerc0500P2	20250611171745-z_dbg_gen_00225_inp_hr	20250526151718	2.215um	1	41	2658	430	1.449	edge-jump,hole,normal-reversal
PHerc0500P2	20250611171745-z_dbg_gen_00225_inp_hr	20250528085330	4.317um	1	41	748	253	1.454	edge-jump,hole,normal-reversal
PHerc0500P2	20250611171745-z_dbg_gen_00225_inp_hr	20250820143440	9.362um	1	41	129	102	1.46	edge-jump,hole,normal-reversal
PHerc0500P2	20250611172135-z_dbg_gen_00346_inp_hr	20250526151718	2.215um	1	47	4781	554	1.299	edge-jump,hole,normal-reversal
PHerc0500P2	20250611172135-z_dbg_gen_00346_inp_hr	20250528085330	4.317um	1	49	1351	348	1.3	edge-jump,hole,normal-reversal
PHerc0500P2	20250611172135-z_dbg_gen_00346_inp_hr	20250820143440	9.362um	1	48	258	155	1.304	edge-jump,hole,normal-reversal
PHerc0500P2	20250611173014-z_dbg_gen_00506_inp_hr	20250526151718	2.215um	23	80	14665	1415	3.195	connectivity,edge-jump,hole,isometry-distortion,normal-reversal
PHerc0500P2	20250611173014-z_dbg_gen_00506_inp_hr	20250528085330	4.317um	22	97	3947	981	3.367	connectivity,edge-jump,hole,isometry-distortion,normal-reversal
PHerc0500P2	20250611173014-z_dbg_gen_00506_inp_hr	20250820143440	9.362um	22	80	793	380	3.099	connectivity,edge-jump,hole,isometry-distortion,normal-reversal
PHerc0500P2	20250716055227-z_dbg_gen_00260_inp_hr	20250526151718	2.215um	1	15	4619	373	3.105	edge-jump,hole,isometry-distortion,normal-reversal
PHerc0500P2	20250716055227-z_dbg_gen_00260_inp_hr	20250528085330	4.317um	1	16	1252	189	3.066	edge-jump,hole,isometry-distortion,normal-reversal
PHerc0500P2	20250716055227-z_dbg_gen_00260_inp_hr	20250820143440	9.362um	1	16	249	85	3.611	edge-jump,hole,isometry-distortion,normal-reversal
PHerc0500P2	20250716055228-z_dbg_gen_00333_inp_hr	20250526151718	2.215um	1	34	3354	238	2.344	edge-jump,hole,isometry-distortion,normal-reversal
PHerc0500P2	20250716055228-z_dbg_gen_00333_inp_hr	20250528085330	4.317um	1	41	926	156	2.304	edge-jump,hole,isometry-distortion,normal-reversal
PHerc0500P2	20250716055228-z_dbg_gen_00333_inp_hr	20250820143440	9.362um	1	34	175	71	2.532	edge-jump,hole,isometry-distortion,normal-reversal
PHerc0500P2	20250716055229-z_dbg_gen_00371_inp_hr	20250526151718	2.215um	1	50	2991	305	1.263	edge-jump,hole,normal-reversal
PHerc0500P2	20250716055229-z_dbg_gen_00371_inp_hr	20250528085330	4.317um	1	53	863	193	1.261	edge-jump,hole,normal-reversal
PHerc0500P2	20250716055229-z_dbg_gen_00371_inp_hr	20250820143440	9.362um	1	48	147	79	1.282	edge-jump,hole,normal-reversal
PHerc0500P2	20250716055230-z_dbg_gen_00377_inp_hr	20250526151718	2.215um	1	76	14460	1361	1.82	edge-jump,hole,normal-reversal
PHerc0500P2	20250716055230-z_dbg_gen_00377_inp_hr	20250528085330	4.317um	1	84	3927	716	1.821	edge-jump,hole,normal-reversal
PHerc0500P2	20250716055230-z_dbg_gen_00377_inp_hr	20250820143440	9.362um	1	77	820	326	1.876	edge-jump,hole,normal-reversal
PHerc0500P2	20250716055231-z_dbg_gen_00473_inp_hr	20250526151718	2.215um	1	63	7260	714	1.317	edge-jump,hole,normal-reversal
PHerc0500P2	20250716055231-z_dbg_gen_00473_inp_hr	20250528085330	4.317um	1	65	1972	416	1.317	edge-jump,hole,normal-reversal
PHerc0500P2	20250716055231-z_dbg_gen_00473_inp_hr	20250820143440	9.362um	1	64	392	184	1.328	edge-jump,hole,normal-reversal
PHerc0500P2	20250716055232-z_dbg_gen_00505_inp_hr	20250526151718	2.215um	1	48	7777	875	1.465	edge-jump,hole,normal-reversal
PHerc0500P2	20250716055232-z_dbg_gen_00505_inp_hr	20250528085330	4.317um	1	53	2164	531	1.464	edge-jump,hole,normal-reversal
PHerc0500P2	20250716055232-z_dbg_gen_00505_inp_hr	20250820143440	9.362um	1	48	397	211	1.484	edge-jump,hole,normal-reversal
PHerc0500P2	20250716055233-z_dbg_gen_00565_inp_hr	20250526151718	2.215um	1	46	11763	956	1.774	edge-jump,hole,normal-reversal
PHerc0500P2	20250716055233-z_dbg_gen_00565_inp_hr	20250528085330	4.317um	1	48	3193	645	1.78	edge-jump,hole,normal-reversal
PHerc0500P2	20250716055233-z_dbg_gen_00565_inp_hr	20250820143440	9.362um	1	47	632	272	1.769	edge-jump,hole,normal-reversal
PHerc0500P2	20250716055234-z_dbg_gen_00709_inp_hr	20250526151718	2.215um	1	58	9025	464	1.984	edge-jump,hole,normal-reversal
PHerc0500P2	20250716055234-z_dbg_gen_00709_inp_hr	20250528085330	4.317um	1	64	2431	239	1.971	edge-jump,hole,normal-reversal
PHerc0500P2	20250716055234-z_dbg_gen_00709_inp_hr	20250820143440	9.362um	1	57	479	127	2.041	edge-jump,hole,isometry-distortion,normal-reversal
PHerc0500P2	20250716055235-z_dbg_gen_00779_inp_hr	20250526151718	2.215um	30	92	15032	1300	1.882	connectivity,edge-jump,hole,normal-reversal
PHerc0500P2	20250716055235-z_dbg_gen_00779_inp_hr	20250528085330	4.317um	31	104	4070	784	1.889	connectivity,edge-jump,hole,normal-reversal
PHerc0500P2	20250716055235-z_dbg_gen_00779_inp_hr	20250820143440	9.362um	18	97	778	333	1.911	connectivity,edge-jump,hole,normal-reversal
PHerc0500P2	20250716055236-z_dbg_gen_00356_inp_hr	20250526151718	2.215um	1	52	11329	986	1.852	edge-jump,hole,normal-reversal
PHerc0500P2	20250716055236-z_dbg_gen_00356_inp_hr	20250528085330	4.317um	1	54	3062	557	1.843	edge-jump,hole,normal-reversal
PHerc0500P2	20250716055236-z_dbg_gen_00356_inp_hr	20250820143440	9.362um	1	52	632	259	1.861	edge-jump,hole,normal-reversal
PHerc0814	20250925161630-auto_grown_20250925161630635	20250804134230	9.362um	6	29	56	7	1.043	connectivity,edge-jump,hole,normal-reversal
PHerc0814	20250925161630-auto_grown_20250925161630635	20260309142202	2.399um	6	18	949	31	1.042	connectivity,edge-jump,hole,normal-reversal
PHerc0814	20250925161630-auto_grown_20250925161630635	20260521123630	1.129um	6	18	4248	54	1.042	connectivity,edge-jump,hole,normal-reversal
PHerc0814	20250925182632-auto_grown_20250925182632715	20250804134230	9.362um	10	25	58	12	1.049	connectivity,edge-jump,hole,normal-reversal
PHerc0814	20250925182632-auto_grown_20250925182632715	20260309142202	2.399um	6	21	980	51	1.048	connectivity,edge-jump,hole,normal-reversal
PHerc0814	20250925182632-auto_grown_20250925182632715	20260521123630	1.129um	6	21	4331	103	1.048	connectivity,edge-jump,hole,normal-reversal
PHerc0814	20250925204843-auto_grown_20250925204843950	20250804134230	9.362um	11	50	298	85	1.043	connectivity,edge-jump,hole,normal-reversal
PHerc0814	20250925204843-auto_grown_20250925204843950	20260309142202	2.399um	14	39	5425	343	1.043	connectivity,edge-jump,hole,normal-reversal
PHerc0814	20250925204843-auto_grown_20250925204843950	20260521123630	1.129um	17	39	23620	749	1.043	connectivity,edge-jump,hole,normal-reversal
PHerc0814	20250925212701-auto_grown_20250925212701145	20250804134230	9.362um	6	9	2	0	1.049	connectivity,edge-jump,hole
PHerc0814	20250925212701-auto_grown_20250925212701145	20260309142202	2.399um	7	6	16	0	1.048	connectivity,edge-jump,hole
PHerc0814	20250925212701-auto_grown_20250925212701145	20260521123630	1.129um	7	6	72	0	1.048	connectivity,edge-jump,hole
PHerc0814	20250925222237-auto_grown_20250925222237459	20250804134230	9.362um	3	16	13	5	1.074	connectivity,edge-jump,hole,normal-reversal
PHerc0814	20250925222237-auto_grown_20250925222237459	20260309142202	2.399um	3	12	189	9	1.073	connectivity,edge-jump,hole,normal-reversal
PHerc0814	20250925222237-auto_grown_20250925222237459	20260521123630	1.129um	3	12	839	8	1.073	connectivity,edge-jump,hole,normal-reversal
PHerc0814	20250926051122-auto_grown_20250926051122829	20250804134230	9.362um	19	85	127	15	1.044	connectivity,edge-jump,hole,normal-reversal
PHerc0814	20250926051122-auto_grown_20250926051122829	20260309142202	2.399um	23	61	2092	65	1.043	connectivity,edge-jump,hole,normal-reversal
PHerc0814	20250926051122-auto_grown_20250926051122829	20260521123630	1.129um	24	61	9340	129	1.043	connectivity,edge-jump,hole,normal-reversal
PHerc0814	20250926165636-auto_trace_20250926165636789	20250804134230	9.362um	5	58	233	40	1.055	connectivity,edge-jump,hole,normal-reversal
PHerc0814	20250926165636-auto_trace_20250926165636789	20260309142202	2.399um	6	43	4161	105	1.055	connectivity,edge-jump,hole,normal-reversal
PHerc0814	20250926165636-auto_trace_20250926165636789	20260521123630	1.129um	9	43	18112	212	1.055	connectivity,edge-jump,hole,normal-reversal
PHerc0814	20250926203608-auto_grown_20250926203608932	20250804134230	9.362um	8	53	175	50	1.041	connectivity,edge-jump,hole,normal-reversal
PHerc0814	20250926203608-auto_grown_20250926203608932	20260309142202	2.399um	7	29	2839	151	1.04	connectivity,edge-jump,hole,normal-reversal
PHerc0814	20250926203608-auto_grown_20250926203608932	20260521123630	1.129um	7	29	12466	304	1.04	connectivity,edge-jump,hole,normal-reversal
PHerc0814	20250928235953-auto_grown_20250928235953722	20250804134230	9.362um	16	81	415	80	1.049	connectivity,edge-jump,hole,normal-reversal
PHerc0814	20250928235953-auto_grown_20250928235953722	20260309142202	2.399um	19	56	7404	272	1.048	connectivity,edge-jump,hole,normal-reversal
PHerc0814	20250928235953-auto_grown_20250928235953722	20260521123630	1.129um	19	56	32265	568	1.048	connectivity,edge-jump,hole,normal-reversal
PHerc0814	20250929040153-auto_grown_20250929040153260	20250804134230	9.362um	4	10	134	58	1.053	connectivity,edge-jump,hole,normal-reversal
PHerc0814	20250929040153-auto_grown_20250929040153260	20260309142202	2.399um	5	5	2836	160	1.053	connectivity,edge-jump,hole,normal-reversal
PHerc0814	20250929040153-auto_grown_20250929040153260	20260521123630	1.129um	5	5	12332	283	1.052	connectivity,edge-jump,hole,normal-reversal
PHerc0814	20250930083742-auto_grown_20250930083742882	20250804134230	9.362um	10	36	29	0	1.045	connectivity,edge-jump,hole
PHerc0814	20250930083742-auto_grown_20250930083742882	20260309142202	2.399um	11	18	497	0	1.044	connectivity,edge-jump,hole
PHerc0814	20250930083742-auto_grown_20250930083742882	20260521123630	1.129um	11	18	2130	6	1.044	connectivity,edge-jump,hole,normal-reversal
PHerc0814	20251001060526-auto_grown_20251001060526760	20250804134230	9.362um	8	23	16	0	1.054	connectivity,edge-jump,hole
PHerc0814	20251001060526-auto_grown_20251001060526760	20260309142202	2.399um	11	11	247	3	1.053	connectivity,edge-jump,hole,normal-reversal
PHerc0814	20251001060526-auto_grown_20251001060526760	20260521123630	1.129um	11	11	1111	7	1.053	connectivity,edge-jump,hole,normal-reversal
PHerc1447	20251105093211-z_dbg_gen_00320	20250521151220	8.64um	153	11	1335	386	5.075	connectivity,edge-jump,hole,isometry-distortion,normal-reversal
PHerc1667	20260119120000-w036_2026011912_flatboi	20231107190228	3.24um	4	1	0	1142	1.252	connectivity,hole,normal-reversal
PHerc1667	20260612121456-w011_20260108140509268_merged_v4_flatboi_straightened_v4	20231107190228	3.24um	21	769	598	17386	1.398	connectivity,edge-jump,hole,normal-reversal
PHerc1667	20260612121456-w011_20260108140509268_merged_v4_flatboi_straightened_v4	20231117161658	7.91um	13	960	230	8375	1.414	connectivity,edge-jump,hole,normal-reversal
PHercParis4	20260602230115-20230702185753_v14	20260310170716	45.532um	1	1	75	50	1.299	edge-jump,hole,normal-reversal
PHercParis4	20260602230115-20230702185753_v14	20260411134726	2.4um	1	1	28995	12203	1.443	edge-jump,hole,normal-reversal
PHercParis4	20260603005223-5753_-1	20230205180739	7.91um	2	1	0	10	1.115	connectivity,hole,normal-reversal
PHercParis4	20260603005223-5753_-1	20260411134726	2.4um	2	1	0	179	1.134	connectivity,hole,normal-reversal
PHercParis4	20260603193311-5753_-1_copy	20260411134726	2.4um	2	3	0	7	1.088	connectivity,hole,normal-reversal
PHercParis4	20260623144957-w053-058	20230205180739	7.91um	1	1	31	354	1.085	edge-jump,hole,normal-reversal
PHercParis4	20260623170305-w122-123	20230205180739	7.91um	6	3	33	25	1.091	connectivity,edge-jump,hole,normal-reversal
PHercParis4	20260623170305-w122-123	20260310170716	45.532um	4	1	8	12	1.108	connectivity,edge-jump,hole,normal-reversal
PHercParis4	20260623170305-w122-123	20260411134726	2.4um	6	1	540	75	1.091	connectivity,edge-jump,hole,normal-reversal
PHercParis4	20260623170833-w124-125	20230205180739	7.91um	6	1	685	1226	1.198	connectivity,edge-jump,hole,normal-reversal
PHercParis4	20260623170833-w124-125	20260310170716	45.532um	1	1	16	195	1.217	edge-jump,hole,normal-reversal
PHercParis4	20260623170833-w124-125	20260411134726	2.4um	6	1	8285	3273	1.193	connectivity,edge-jump,hole,normal-reversal
PHercParis4	20260623171400-w126-127	20230205180739	7.91um	3	1	4511	10475	2.954	connectivity,edge-jump,hole,isometry-distortion,normal-reversal
PHercParis4	20260623171400-w126-127	20260310170716	45.532um	2	0	71	1375	2.912	connectivity,edge-jump,isometry-distortion,normal-reversal
PHercParis4	20260623171400-w126-127	20260411134726	2.4um	3	0	53413	25436	2.926	connectivity,edge-jump,isometry-distortion,normal-reversal
PHercParis4	20260623171929-w128-129	20230205180739	7.91um	2	5	3425	32127	3.906	connectivity,edge-jump,hole,isometry-distortion,normal-reversal
PHercParis4	20260623171929-w128-129	20260310170716	45.532um	1	0	40	3395	4.313	edge-jump,isometry-distortion,normal-reversal
PHercParis4	20260701183126-w038-045	20230205180739	7.91um	8	0	5	783	1.1	connectivity,edge-jump,normal-reversal
PHercParis4	20260701183127-w046-052	20260310170716	45.532um	7	1	0	39	1.191	connectivity,hole,normal-reversal
PHercParis4	20260701183130-w064-068	20260310170716	45.532um	5	1	0	15	1.173	connectivity,hole,normal-reversal
PHercParis4	20260701183131-w069-072	20260310170716	45.532um	2	1	0	7	1.172	connectivity,hole,normal-reversal
PHercParis4	20260701183133-w077-080	20260310170716	45.532um	3	0	7	62	1.182	connectivity,edge-jump,normal-reversal
PHercParis4	20260701183134-w081-084	20260310170716	45.532um	2	2	8	80	1.191	connectivity,edge-jump,hole,normal-reversal
PHercParis4	20260701183135-w085-088	20260310170716	45.532um	5	5	2	28	1.179	connectivity,edge-jump,hole,normal-reversal
PHercParis4	20260701183136-w089-091	20260310170716	45.532um	1	2	12	41	1.189	edge-jump,hole,normal-reversal
PHercParis4	20260701183137-w092-094	20260310170716	45.532um	1	2	8	52	1.181	edge-jump,hole,normal-reversal
PHercParis4	20260701183138-w095-097	20260310170716	45.532um	1	1	34	65	1.179	edge-jump,hole,normal-reversal
PHercParis4	20260701183139-w098-100	20260310170716	45.532um	3	7	13	44	1.174	connectivity,edge-jump,hole,normal-reversal
PHercParis4	20260701183140-w101-103	20260310170716	45.532um	2	5	30	102	1.182	connectivity,edge-jump,hole,normal-reversal
PHercParis4	20260701183141-w104-106	20260310170716	45.532um	3	2	17	65	1.174	connectivity,edge-jump,hole,normal-reversal
PHercParis4	20260701183142-w107-109	20260310170716	45.532um	2	4	11	83	1.18	connectivity,edge-jump,hole,normal-reversal
PHercParis4	20260701183143-w110-112	20260310170716	45.532um	2	5	26	100	1.183	connectivity,edge-jump,hole,normal-reversal
PHercParis4	20260701183144-w113-115	20260310170716	45.532um	1	6	39	95	1.185	edge-jump,hole,normal-reversal
PHercParis4	20260701183145-w116-117	20260310170716	45.532um	1	4	29	77	1.185	edge-jump,hole,normal-reversal
PHercParis4	20260701183146-w118-119	20260310170716	45.532um	2	4	35	115	1.191	connectivity,edge-jump,hole,normal-reversal
PHercParis4	20260701183147-w120-121	20260310170716	45.532um	8	5	49	193	1.222	connectivity,edge-jump,hole,normal-reversal
PHercParis4	20260701183148-w122-123	20260310170716	45.532um	7	7	77	410	1.286	connectivity,edge-jump,hole,normal-reversal
PHercParis4	20260701183149-w124-125	20260310170716	45.532um	11	10	87	1048	2.002	connectivity,edge-jump,hole,isometry-distortion,normal-reversal
PHercParis4	20260701183150-w126-127	20260310170716	45.532um	8	16	83	3458	3.601	connectivity,edge-jump,hole,isometry-distortion,normal-reversal
PHercParis4	20260701183151-w128-129	20260310170716	45.532um	5	12	82	2859	3.358	connectivity,edge-jump,hole,isometry-distortion,normal-reversal
PHercParis4	20260701183151-w128-129	20260411134726	2.4um	14	27	67846	104229	2.894	connectivity,edge-jump,hole,isometry-distortion,normal-reversal
