review_id,scroll,segment,mesh_url,volume_root,label,defect_type,notes
R01,PHercParis4,20260623155914-w095-097,https://vesuvius-challenge-open-data.s3.us-east-1.amazonaws.com/PHercParis4/segments/20260623155914-w095-097/mesh/20260623155914-on-20260310170716-45.532um.tifxyz/,community-uploads/forrest/volcomp/PHercParis4/volumes/20260310170716-45.532um-11.0m-74keV-masked.zarr,,,
R02,PHercParis4,20260701183140-w101-103,https://vesuvius-challenge-open-data.s3.us-east-1.amazonaws.com/PHercParis4/segments/20260701183140-w101-103/mesh/20260701183140-on-20260310170716-45.532um.tifxyz/,community-uploads/forrest/volcomp/PHercParis4/volumes/20260310170716-45.532um-11.0m-74keV-masked.zarr,,,
R03,PHerc0343P,20250904233748-0_b2,https://vesuvius-challenge-open-data.s3.us-east-1.amazonaws.com/PHerc0343P/segments/20250904233748-0_b2/mesh/20250904233748-on-20250521134555-8.64um.tifxyz/,community-uploads/forrest/volcomp/PHerc0343P/volumes/20250521134555-8.640um-1.2m-116keV-masked.zarr,,,
R04,PHercParis4,20260701183133-w077-080,https://vesuvius-challenge-open-data.s3.us-east-1.amazonaws.com/PHercParis4/segments/20260701183133-w077-080/mesh/20260701183133-on-20260310170716-45.532um.tifxyz/,community-uploads/forrest/volcomp/PHercParis4/volumes/20260310170716-45.532um-11.0m-74keV-masked.zarr,,,
R05,PHerc0500P2,20250919184428-0500P2-wrap01_0919,https://vesuvius-challenge-open-data.s3.us-east-1.amazonaws.com/PHerc0500P2/segments/20250919184428-0500P2-wrap01_0919/mesh/20250919184428-on-20250526151718-2.215um.tifxyz/,community-uploads/forrest/volcomp/PHerc0500P2/volumes/20250526151718-2.215um-0.4m-111keV-masked.zarr,,,
R06,PHerc0814,20250925182632-auto_grown_20250925182632715,https://vesuvius-challenge-open-data.s3.us-east-1.amazonaws.com/PHerc0814/segments/20250925182632-auto_grown_20250925182632715/mesh/20250925182632-on-20250804134230-9.362um.tifxyz/,community-uploads/forrest/volcomp/PHerc0814/volumes/20250804134230-9.362um-1.2m-113keV-masked.zarr,,,
R07,PHerc0172,20251115002740-auto_grown_20251115002740308_0_flatboi,https://vesuvius-challenge-open-data.s3.us-east-1.amazonaws.com/PHerc0172/segments/20251115002740-auto_grown_20251115002740308_0_flatboi/mesh/20251115002740-on-20241024131839-7.91um.tifxyz/,community-uploads/forrest/volcomp/PHerc0172/volumes/20241024131839-7.910um-53keV-masked.zarr,,,
R08,PHerc0814,20250925204843-auto_grown_20250925204843950,https://vesuvius-challenge-open-data.s3.us-east-1.amazonaws.com/PHerc0814/segments/20250925204843-auto_grown_20250925204843950/mesh/20250925204843-on-20250804134230-9.362um.tifxyz/,community-uploads/forrest/volcomp/PHerc0814/volumes/20250804134230-9.362um-1.2m-113keV-masked.zarr,,,
R09,PHerc0500P2,20250825181907-0,https://vesuvius-challenge-open-data.s3.us-east-1.amazonaws.com/PHerc0500P2/segments/20250825181907-0/mesh/20250825181907-on-20250526151718-2.215um.tifxyz/,community-uploads/forrest/volcomp/PHerc0500P2/volumes/20250526151718-2.215um-0.4m-111keV-masked.zarr,,,
R10,PHercParis4,20260701183136-w089-091,https://vesuvius-challenge-open-data.s3.us-east-1.amazonaws.com/PHercParis4/segments/20260701183136-w089-091/mesh/20260701183136-on-20260310170716-45.532um.tifxyz/,community-uploads/forrest/volcomp/PHercParis4/volumes/20260310170716-45.532um-11.0m-74keV-masked.zarr,,,
R11,PHercParis4,20260701183149-w124-125,https://vesuvius-challenge-open-data.s3.us-east-1.amazonaws.com/PHercParis4/segments/20260701183149-w124-125/mesh/20260701183149-on-20260310170716-45.532um.tifxyz/,community-uploads/forrest/volcomp/PHercParis4/volumes/20260310170716-45.532um-11.0m-74keV-masked.zarr,,,
R12,PHerc0009B,20250919131352-auto_grown_20250919061352722_inp_hr,https://vesuvius-challenge-open-data.s3.us-east-1.amazonaws.com/PHerc0009B/segments/20250919131352-auto_grown_20250919061352722_inp_hr/mesh/20250919131352-on-20250521125136-8.64um.tifxyz/,community-uploads/forrest/volcomp/PHerc0009B/volumes/20250521125136-8.640um-1.2m-116keV-masked.zarr,,,
R13,PHercParis4,20260701183131-w069-072,https://vesuvius-challenge-open-data.s3.us-east-1.amazonaws.com/PHercParis4/segments/20260701183131-w069-072/mesh/20260701183131-on-20260310170716-45.532um.tifxyz/,community-uploads/forrest/volcomp/PHercParis4/volumes/20260310170716-45.532um-11.0m-74keV-masked.zarr,,,
R14,PHerc0800,20251029010146-auto_grown_20251029010146642,https://vesuvius-challenge-open-data.s3.us-east-1.amazonaws.com/PHerc0800/segments/20251029010146-auto_grown_20251029010146642/mesh/20251029010146-on-20250521135224-8.64um.tifxyz/,community-uploads/forrest/volcomp/PHerc0800/volumes/20250521135224-8.640um-1.2m-116keV-masked.zarr,,,
R15,PHerc0800,20251028222030-auto_grown_20251028222030940,https://vesuvius-challenge-open-data.s3.us-east-1.amazonaws.com/PHerc0800/segments/20251028222030-auto_grown_20251028222030940/mesh/20251028222030-on-20250521135224-8.64um.tifxyz/,community-uploads/forrest/volcomp/PHerc0800/volumes/20250521135224-8.640um-1.2m-116keV-masked.zarr,,,
R16,PHerc0500P2,20250919184432-0500P2-wrap05_0919,https://vesuvius-challenge-open-data.s3.us-east-1.amazonaws.com/PHerc0500P2/segments/20250919184432-0500P2-wrap05_0919/mesh/20250919184432-on-20250526151718-2.215um.tifxyz/,community-uploads/forrest/volcomp/PHerc0500P2/volumes/20250526151718-2.215um-0.4m-111keV-masked.zarr,,,
R17,PHercParis4,20260701183141-w104-106,https://vesuvius-challenge-open-data.s3.us-east-1.amazonaws.com/PHercParis4/segments/20260701183141-w104-106/mesh/20260701183141-on-20260310170716-45.532um.tifxyz/,community-uploads/forrest/volcomp/PHercParis4/volumes/20260310170716-45.532um-11.0m-74keV-masked.zarr,,,
R18,PHercParis4,20260701183135-w085-088,https://vesuvius-challenge-open-data.s3.us-east-1.amazonaws.com/PHercParis4/segments/20260701183135-w085-088/mesh/20260701183135-on-20260310170716-45.532um.tifxyz/,community-uploads/forrest/volcomp/PHercParis4/volumes/20260310170716-45.532um-11.0m-74keV-masked.zarr,,,
R19,PHerc0500P2,20250825181917--2,https://vesuvius-challenge-open-data.s3.us-east-1.amazonaws.com/PHerc0500P2/segments/20250825181917--2/mesh/20250825181917-on-20250526151718-2.215um.tifxyz/,community-uploads/forrest/volcomp/PHerc0500P2/volumes/20250526151718-2.215um-0.4m-111keV-masked.zarr,,,
R20,PHercParis4,20260701183150-w126-127,https://vesuvius-challenge-open-data.s3.us-east-1.amazonaws.com/PHercParis4/segments/20260701183150-w126-127/mesh/20260701183150-on-20260310170716-45.532um.tifxyz/,community-uploads/forrest/volcomp/PHercParis4/volumes/20260310170716-45.532um-11.0m-74keV-masked.zarr,,,
R21,PHerc0500P2,20250825181934-3,https://vesuvius-challenge-open-data.s3.us-east-1.amazonaws.com/PHerc0500P2/segments/20250825181934-3/mesh/20250825181934-on-20250526151718-2.215um.tifxyz/,community-uploads/forrest/volcomp/PHerc0500P2/volumes/20250526151718-2.215um-0.4m-111keV-masked.zarr,,,
R22,PHerc0172,20251115002744-auto_grown_20251115002740308_4_flatboi,https://vesuvius-challenge-open-data.s3.us-east-1.amazonaws.com/PHerc0172/segments/20251115002744-auto_grown_20251115002740308_4_flatboi/mesh/20251115002744-on-20241024131839-7.91um.tifxyz/,community-uploads/forrest/volcomp/PHerc0172/volumes/20241024131839-7.910um-53keV-masked.zarr,,,
R23,PHerc0172,20251115002748-auto_grown_20251115002740308_8_flatboi,https://vesuvius-challenge-open-data.s3.us-east-1.amazonaws.com/PHerc0172/segments/20251115002748-auto_grown_20251115002740308_8_flatboi/mesh/20251115002748-on-20241024131839-7.91um.tifxyz/,community-uploads/forrest/volcomp/PHerc0172/volumes/20241024131839-7.910um-53keV-masked.zarr,,,
R24,PHercParis4,20260701183147-w120-121,https://vesuvius-challenge-open-data.s3.us-east-1.amazonaws.com/PHercParis4/segments/20260701183147-w120-121/mesh/20260701183147-on-20260310170716-45.532um.tifxyz/,community-uploads/forrest/volcomp/PHercParis4/volumes/20260310170716-45.532um-11.0m-74keV-masked.zarr,,,
R25,PHercParis4,20260701183143-w110-112,https://vesuvius-challenge-open-data.s3.us-east-1.amazonaws.com/PHercParis4/segments/20260701183143-w110-112/mesh/20260701183143-on-20260310170716-45.532um.tifxyz/,community-uploads/forrest/volcomp/PHercParis4/volumes/20260310170716-45.532um-11.0m-74keV-masked.zarr,,,
R26,PHerc0814,20251001060526-auto_grown_20251001060526760,https://vesuvius-challenge-open-data.s3.us-east-1.amazonaws.com/PHerc0814/segments/20251001060526-auto_grown_20251001060526760/mesh/20251001060526-on-20250804134230-9.362um.tifxyz/,community-uploads/forrest/volcomp/PHerc0814/volumes/20250804134230-9.362um-1.2m-113keV-masked.zarr,,,
R27,PHerc0814,20250925161630-auto_grown_20250925161630635,https://vesuvius-challenge-open-data.s3.us-east-1.amazonaws.com/PHerc0814/segments/20250925161630-auto_grown_20250925161630635/mesh/20250925161630-on-20250804134230-9.362um.tifxyz/,community-uploads/forrest/volcomp/PHerc0814/volumes/20250804134230-9.362um-1.2m-113keV-masked.zarr,,,
R28,PHerc0500P2,20250611153346-z_dbg_gen_00286_inp_hr,https://vesuvius-challenge-open-data.s3.us-east-1.amazonaws.com/PHerc0500P2/segments/20250611153346-z_dbg_gen_00286_inp_hr/mesh/20250611153346-on-20250526151718-2.215um.tifxyz/,community-uploads/forrest/volcomp/PHerc0500P2/volumes/20250526151718-2.215um-0.4m-111keV-masked.zarr,,,
R29,PHerc0009B,20250919123506-auto_grown_20250919053506178_inp_hr,https://vesuvius-challenge-open-data.s3.us-east-1.amazonaws.com/PHerc0009B/segments/20250919123506-auto_grown_20250919053506178_inp_hr/mesh/20250919123506-on-20250521125136-8.64um.tifxyz/,community-uploads/forrest/volcomp/PHerc0009B/volumes/20250521125136-8.640um-1.2m-116keV-masked.zarr,,,
R30,PHerc0172,20251115002741-auto_grown_20251115002740308_1_flatboi,https://vesuvius-challenge-open-data.s3.us-east-1.amazonaws.com/PHerc0172/segments/20251115002741-auto_grown_20251115002740308_1_flatboi/mesh/20251115002741-on-20241024131839-7.91um.tifxyz/,community-uploads/forrest/volcomp/PHerc0172/volumes/20241024131839-7.910um-53keV-masked.zarr,,,
R31,PHercParis4,20260602230115-20230702185753_v14,https://vesuvius-challenge-open-data.s3.us-east-1.amazonaws.com/PHercParis4/segments/20260602230115-20230702185753_v14/mesh/20260602230115-on-20260310170716-45.532um.tifxyz/,community-uploads/forrest/volcomp/PHercParis4/volumes/20260310170716-45.532um-11.0m-74keV-masked.zarr,,,
R32,PHercParis4,20260701183137-w092-094,https://vesuvius-challenge-open-data.s3.us-east-1.amazonaws.com/PHercParis4/segments/20260701183137-w092-094/mesh/20260701183137-on-20260310170716-45.532um.tifxyz/,community-uploads/forrest/volcomp/PHercParis4/volumes/20260310170716-45.532um-11.0m-74keV-masked.zarr,,,
R33,PHerc0172,20251115002743-auto_grown_20251115002740308_3_flatboi,https://vesuvius-challenge-open-data.s3.us-east-1.amazonaws.com/PHerc0172/segments/20251115002743-auto_grown_20251115002740308_3_flatboi/mesh/20251115002743-on-20241024131839-7.91um.tifxyz/,community-uploads/forrest/volcomp/PHerc0172/volumes/20241024131839-7.910um-53keV-masked.zarr,,,
R34,PHerc0814,20250930083742-auto_grown_20250930083742882,https://vesuvius-challenge-open-data.s3.us-east-1.amazonaws.com/PHerc0814/segments/20250930083742-auto_grown_20250930083742882/mesh/20250930083742-on-20250804134230-9.362um.tifxyz/,community-uploads/forrest/volcomp/PHerc0814/volumes/20250804134230-9.362um-1.2m-113keV-masked.zarr,,,
R35,PHerc0500P2,20250825181939-4,https://vesuvius-challenge-open-data.s3.us-east-1.amazonaws.com/PHerc0500P2/segments/20250825181939-4/mesh/20250825181939-on-20250526151718-2.215um.tifxyz/,community-uploads/forrest/volcomp/PHerc0500P2/volumes/20250526151718-2.215um-0.4m-111keV-masked.zarr,,,
R36,PHerc0814,20250929040153-auto_grown_20250929040153260,https://vesuvius-challenge-open-data.s3.us-east-1.amazonaws.com/PHerc0814/segments/20250929040153-auto_grown_20250929040153260/mesh/20250929040153-on-20250804134230-9.362um.tifxyz/,community-uploads/forrest/volcomp/PHerc0814/volumes/20250804134230-9.362um-1.2m-113keV-masked.zarr,,,
R37,PHerc0172,20250926153406-w088_20250926153406704_flatboi,https://vesuvius-challenge-open-data.s3.us-east-1.amazonaws.com/PHerc0172/segments/20250926153406-w088_20250926153406704_flatboi/mesh/20250926153406-on-20241024131839-7.91um.tifxyz/,community-uploads/forrest/volcomp/PHerc0172/volumes/20241024131839-7.910um-53keV-masked.zarr,,,
R38,PHerc0009B,20250919140325-auto_grown_20250919070325767_inp_hr,https://vesuvius-challenge-open-data.s3.us-east-1.amazonaws.com/PHerc0009B/segments/20250919140325-auto_grown_20250919070325767_inp_hr/mesh/20250919140325-on-20250521125136-8.64um.tifxyz/,community-uploads/forrest/volcomp/PHerc0009B/volumes/20250521125136-8.640um-1.2m-116keV-masked.zarr,,,
R39,PHerc1667,20260612121456-w011_20260108140509268_merged_v4_flatboi_straightened_v4,https://vesuvius-challenge-open-data.s3.us-east-1.amazonaws.com/PHerc1667/segments/20260612121456-w011_20260108140509268_merged_v4_flatboi_straightened_v4/mesh/20260612121456-on-20231107190228-3.24um.tifxyz/,,,,
R40,PHerc0500P2,20250919184434-0500P2-wrap07_0919,https://vesuvius-challenge-open-data.s3.us-east-1.amazonaws.com/PHerc0500P2/segments/20250919184434-0500P2-wrap07_0919/mesh/20250919184434-on-20250526151718-2.215um.tifxyz/,community-uploads/forrest/volcomp/PHerc0500P2/volumes/20250526151718-2.215um-0.4m-111keV-masked.zarr,,,
R41,PHercParis4,20260701183151-w128-129,https://vesuvius-challenge-open-data.s3.us-east-1.amazonaws.com/PHercParis4/segments/20260701183151-w128-129/mesh/20260701183151-on-20260310170716-45.532um.tifxyz/,community-uploads/forrest/volcomp/PHercParis4/volumes/20260310170716-45.532um-11.0m-74keV-masked.zarr,,,
R42,PHerc1447,20251105093211-z_dbg_gen_00320,https://vesuvius-challenge-open-data.s3.us-east-1.amazonaws.com/PHerc1447/segments/20251105093211-z_dbg_gen_00320/mesh/20251105093211-on-20250521151220-8.64um.tifxyz/,community-uploads/forrest/volcomp/PHerc1447/volumes/20250521151220-8.640um-1.2m-116keV-masked.zarr,,,
R43,PHerc0814,20250925212701-auto_grown_20250925212701145,https://vesuvius-challenge-open-data.s3.us-east-1.amazonaws.com/PHerc0814/segments/20250925212701-auto_grown_20250925212701145/mesh/20250925212701-on-20250804134230-9.362um.tifxyz/,community-uploads/forrest/volcomp/PHerc0814/volumes/20250804134230-9.362um-1.2m-113keV-masked.zarr,,,
R44,PHerc0800,20251028220042-auto_grown_20251028220042762,https://vesuvius-challenge-open-data.s3.us-east-1.amazonaws.com/PHerc0800/segments/20251028220042-auto_grown_20251028220042762/mesh/20251028220042-on-20250521135224-8.64um.tifxyz/,community-uploads/forrest/volcomp/PHerc0800/volumes/20250521135224-8.640um-1.2m-116keV-masked.zarr,,,
R45,PHerc0500P2,20250611171318-z_dbg_gen_00440_inp_hr,https://vesuvius-challenge-open-data.s3.us-east-1.amazonaws.com/PHerc0500P2/segments/20250611171318-z_dbg_gen_00440_inp_hr/mesh/20250611171318-on-20250526151718-2.215um.tifxyz/,community-uploads/forrest/volcomp/PHerc0500P2/volumes/20250526151718-2.215um-0.4m-111keV-masked.zarr,,,
R46,PHerc0800,20251028213516-auto_grown_20251028213516907,https://vesuvius-challenge-open-data.s3.us-east-1.amazonaws.com/PHerc0800/segments/20251028213516-auto_grown_20251028213516907/mesh/20251028213516-on-20250521135224-8.64um.tifxyz/,community-uploads/forrest/volcomp/PHerc0800/volumes/20250521135224-8.640um-1.2m-116keV-masked.zarr,,,
R47,PHerc0500P2,20250919184436-0500P2-wrap09_0919,https://vesuvius-challenge-open-data.s3.us-east-1.amazonaws.com/PHerc0500P2/segments/20250919184436-0500P2-wrap09_0919/mesh/20250919184436-on-20250526151718-2.215um.tifxyz/,community-uploads/forrest/volcomp/PHerc0500P2/volumes/20250526151718-2.215um-0.4m-111keV-masked.zarr,,,
R48,PHerc0343P,20250511003658-tifxyz,https://vesuvius-challenge-open-data.s3.us-east-1.amazonaws.com/PHerc0343P/segments/20250511003658-tifxyz/mesh/20250511003658-on-20250521134555-8.64um.tifxyz/,community-uploads/forrest/volcomp/PHerc0343P/volumes/20250521134555-8.640um-1.2m-116keV-masked.zarr,,,
R49,PHercParis4,20260701183130-w064-068,https://vesuvius-challenge-open-data.s3.us-east-1.amazonaws.com/PHercParis4/segments/20260701183130-w064-068/mesh/20260701183130-on-20260310170716-45.532um.tifxyz/,community-uploads/forrest/volcomp/PHercParis4/volumes/20260310170716-45.532um-11.0m-74keV-masked.zarr,,,
R50,PHerc0500P2,20250920020224-0500P2-wrap13_0919,https://vesuvius-challenge-open-data.s3.us-east-1.amazonaws.com/PHerc0500P2/segments/20250920020224-0500P2-wrap13_0919/mesh/20250920020224-on-20250526151718-2.215um.tifxyz/,community-uploads/forrest/volcomp/PHerc0500P2/volumes/20250526151718-2.215um-0.4m-111keV-masked.zarr,,,
R51,PHerc0009B,20250919125754-auto_grown_20250919055754487_inp_hr,https://vesuvius-challenge-open-data.s3.us-east-1.amazonaws.com/PHerc0009B/segments/20250919125754-auto_grown_20250919055754487_inp_hr/mesh/20250919125754-on-20250521125136-8.64um.tifxyz/,community-uploads/forrest/volcomp/PHerc0009B/volumes/20250521125136-8.640um-1.2m-116keV-masked.zarr,,,
R52,PHerc0172,20251115002742-auto_grown_20251115002740308_2_flatboi,https://vesuvius-challenge-open-data.s3.us-east-1.amazonaws.com/PHerc0172/segments/20251115002742-auto_grown_20251115002740308_2_flatboi/mesh/20251115002742-on-20241024131839-7.91um.tifxyz/,community-uploads/forrest/volcomp/PHerc0172/volumes/20241024131839-7.910um-53keV-masked.zarr,,,
R53,PHercParis4,20260623171929-w128-129,https://vesuvius-challenge-open-data.s3.us-east-1.amazonaws.com/PHercParis4/segments/20260623171929-w128-129/mesh/20260623171929-on-20260310170716-45.532um.tifxyz/,community-uploads/forrest/volcomp/PHercParis4/volumes/20260310170716-45.532um-11.0m-74keV-masked.zarr,,,
R54,PHerc0500P2,20250611173014-z_dbg_gen_00506_inp_hr,https://vesuvius-challenge-open-data.s3.us-east-1.amazonaws.com/PHerc0500P2/segments/20250611173014-z_dbg_gen_00506_inp_hr/mesh/20250611173014-on-20250526151718-2.215um.tifxyz/,community-uploads/forrest/volcomp/PHerc0500P2/volumes/20250526151718-2.215um-0.4m-111keV-masked.zarr,,,
